{"cameraMode":{"drawMode":0,"name":"Shaded","section":"Shading Mode"},"sceneLighting":false,"audioPlay":false,"sceneViewState":{"showFog":true,"showMaterialUpdate":false,"showSkybox":false,"showFlares":true,"showImageEffects":true,"showParticleSystems":true},"in2DMode":false,"pivot":{"x":0.03873094916343689,"y":0.4518146514892578,"z":0.0565657913684845},"rotation":{"x":0.3008378744125366,"y":0.1891729235649109,"z":-0.06101474538445473,"w":0.9327317476272583},"size":1.5637482404708863,"orthographic":true}