{"cameraMode":{"drawMode":0,"name":"Shaded","section":"Shading Mode"},"sceneLighting":false,"audioPlay":false,"sceneViewState":{"showFog":true,"showMaterialUpdate":false,"showSkybox":false,"showFlares":true,"showImageEffects":true,"showParticleSystems":true},"in2DMode":false,"pivot":{"x":0.8468034863471985,"y":-1.3236761093139649,"z":-0.8978431224822998},"rotation":{"x":0.0734136551618576,"y":0.9066349267959595,"z":-0.3758605122566223,"w":0.17709042131900788},"size":6.236234188079834,"orthographic":false}