{"cameraMode":{"drawMode":0,"name":"Shaded","section":"Shading Mode"},"sceneLighting":false,"audioPlay":false,"sceneViewState":{"showFog":true,"showMaterialUpdate":false,"showSkybox":false,"showFlares":true,"showImageEffects":true,"showParticleSystems":true},"in2DMode":false,"pivot":{"x":-0.4706366956233978,"y":0.017141394317150117,"z":1.030892014503479},"rotation":{"x":0.4250016510486603,"y":-0.23505955934524537,"z":0.11529302597045899,"w":0.8665081262588501},"size":0.3640678822994232,"orthographic":true}